jogo,titulo,canal,data,plataforma
Dead by Daylight,RUN FOR YOUR LIFE | Dead By Daylight,jacksepticeye,2016-06-18T16:00:01Z,YouTube
Dead by Daylight,5 Most BORING Killers in Dead by Daylight,Kyto,2023-03-07T23:37:20Z,YouTube
Dead by Daylight,DESTROYING STREAMER WITH LOCKERS AND FLASHBANGS - Dead By Daylight #dbd #dbdstreamer #dbdstream,ZODIKER ,2024-08-24T05:51:20Z,YouTube
Dead by Daylight,PLAYING AS THE DEMOGORGON HUNTING STEVE AND NANCY | Dead by Daylight Stranger Things Gameplay (DBD),FusionZGamer,2019-09-04T19:54:30Z,YouTube
Dead by Daylight,Dead by Daylight | Launch Trailer,Dead by Daylight,2016-06-13T17:12:30Z,YouTube
Dead by Daylight,EVERY Killer Pallet Break Animation #dbd,WarbyGaming,2024-07-01T17:45:02Z,YouTube
Dead by Daylight,Dead Island VS Dying Light: Exploding Zombies,GameLight,2023-05-03T06:30:12Z,YouTube
Dead by Daylight,Jake&#39;s Totally Real Techs in Dead by Daylight #gaming #meme #animation #dbdmemes,RABLATS,2024-08-19T16:37:06Z,YouTube
Dead by Daylight,How to GET HATCH from Wesker in Dead by Daylight #gaming #meme #animation #dbdmemes #dbdmeme #memes,RABLATS,2024-10-02T16:02:40Z,YouTube
Dead by Daylight,The Knight MORI survivor pov #dbd #dbdshorts #dbdnewupdate #deadbydaylightsurvivor #dead_by_daylight,Tired clips,2022-11-01T17:00:38Z,YouTube
Dead by Daylight,"DBD Indonesia - TBag, Main Gitar, Jadi Killer?",MILYHYA,2024-08-31T13:45:07Z,YouTube
Dead by Daylight,i think he felt disrespected 😭 #dbd #dbdshorts #deadbydaylight #shorts #dbdmemes #fnaf,Your Dad’s Muse,2025-06-20T19:43:56Z,YouTube
Dead by Daylight,This is why you don&#39;t main Trapper,not Otzdarva,2021-08-03T15:04:07Z,YouTube
Dead by Daylight,NEW DBD KILLER is HORRIFYING #dbd,Bubbell,2024-03-03T20:30:01Z,YouTube
Dead by Daylight,Which Springtrap Jump Scare Sounds Better?,DStrike,2025-06-05T08:00:37Z,YouTube
Dead by Daylight,Which Springtrap Cosmetic Has The Best Jump Scare?,DStrike,2025-06-17T19:30:18Z,YouTube
Dead by Daylight,SCARRED FOR LIFE!! | Dead By Daylight #1,Markiplier,2016-07-21T19:00:00Z,YouTube
Dead by Daylight,UNKNOWN Predicted the FUTURE!  #dbd  #deadbydaylight,AZHYMOVS,2025-06-04T14:01:19Z,YouTube
Dead by Daylight,LET&#39;S PLAY DEAD BY DAYLIGHT | UJJWAL,Ujjwal,2022-07-29T11:21:23Z,YouTube
Dead by Daylight,How the Entity Rewards the Killers in DbD  #dbd #deadbydaylight,AZHYMOVS,2025-10-22T14:00:58Z,YouTube
Dead by Daylight,5 Most FUN Killers in Dead by Daylight,Kyto,2023-02-12T05:38:50Z,YouTube
Dead by Daylight,Rob hunts Rosie in real life Dead by Daylight,PlayStation Access,2023-09-09T10:00:08Z,YouTube
Dead by Daylight,The WORST Killers Get The Best Skins In Dead By Daylight,Mauvasa,2025-01-23T21:30:04Z,YouTube
Dead by Daylight,DYING LIGHT Gameplay Walkthrough Part 1 FULL GAME [4K 60FPS PC ULTRA] - No Commentary,MKIceAndFire,2022-02-01T02:18:24Z,YouTube
Dead by Daylight,I Attempted The WORST Achievement in Dead By Daylight...,Demi,2023-03-23T12:00:05Z,YouTube
World of Warcraft,World of Warcraft: Warlords of Draenor Cinematic,World of Warcraft,2014-08-14T17:17:46Z,YouTube
World of Warcraft,World of Warcraft: Battle for Azeroth Cinematic Trailer,World of Warcraft,2017-11-03T19:10:41Z,YouTube
World of Warcraft,Leeroy Jenkins HD 1080p,J Jonah Jameson,2014-06-11T07:30:48Z,YouTube
World of Warcraft,World of Warcraft: Wrath of the Lich King Cinematic Trailer,World of Warcraft,2010-01-23T02:31:56Z,YouTube
World of Warcraft,World of Warcraft: Cataclysm Cinematic Trailer,World of Warcraft,2010-10-17T18:36:57Z,YouTube
World of Warcraft,World of Warcraft: Mists of Pandaria Cinematic Trailer,World of Warcraft,2012-08-16T12:47:44Z,YouTube
World of Warcraft,WORLD OF WARCRAFT Full Movie 2024: Dragon | Superhero FXL Action Movies 2024 in English (Game Movie),Superhero FXL Games,2024-06-23T13:00:00Z,YouTube
World of Warcraft,World of Warcraft: Shadowlands Cinematic Trailer,World of Warcraft,2019-11-01T18:42:14Z,YouTube
World of Warcraft,Asmongold checks out... something. #asmongold #shorts,Asmongold Shorts,2022-09-13T17:00:51Z,YouTube
World of Warcraft,World of Warcraft: Legion Cinematic Trailer,World of Warcraft,2015-11-06T20:15:17Z,YouTube
World of Warcraft,World of Warcraft en 1 minuto,elrubiusOMG,2012-05-30T16:41:10Z,YouTube
World of Warcraft,The Elder Scrolls Online: High Isle Launch Cinematic,Bethesda Softworks,2022-06-07T01:07:45Z,YouTube
World of Warcraft,Story of Gaming&#39;s Biggest Troll 🤬,Bundun,2024-11-19T13:01:04Z,YouTube
World of Warcraft,World of Warcraft: The Burning Crusade Cinematic Trailer,World of Warcraft,2010-01-23T02:18:50Z,YouTube
World of Warcraft,Fall of the Lich King Ending,World of Warcraft,2011-05-06T23:44:27Z,YouTube
World of Warcraft,World of Warcraft - The Banshee Queen,Bad Juice,2020-01-16T23:36:19Z,YouTube
World of Warcraft,The War Within Announce Cinematic | World of Warcraft,World of Warcraft,2023-11-03T19:44:41Z,YouTube
World of Warcraft,World of Warcraft Cinematic Trailer,World of Warcraft,2010-01-23T01:49:07Z,YouTube
World of Warcraft,Warbringers: Azshara,World of Warcraft,2018-08-24T17:00:05Z,YouTube
World of Warcraft,World of Warcraft: Warlords of Draenor Announcement Trailer,World of Warcraft,2013-11-08T19:55:44Z,YouTube
World of Warcraft,Midnight Gameplay Reveal | World of Warcraft,World of Warcraft,2025-08-19T19:49:20Z,YouTube
World of Warcraft,Asmongold meets that which has no life #shorts,Asmongold Shorts,2022-09-15T17:45:27Z,YouTube
World of Warcraft,The Gaming Clip That Ruined His Life 😪 (Leeroy Jenkins),Bundun,2025-02-11T13:00:55Z,YouTube
World of Warcraft,Tráiler cinemático de World of Warcraft: Battle for Azeroth,World of Warcraft LatAm,2017-11-03T19:11:28Z,YouTube
World of Warcraft,World of Warcraft: Legion – Feature Overview,World of Warcraft,2015-08-06T16:12:25Z,YouTube
EA Sports FC 26,EA SPORTS FC 25 | Official Reveal Trailer,EA SPORTS FC,2024-07-17T15:57:07Z,YouTube
EA Sports FC 26,FC Mobile Ballon dOr Packs!🧃,StanManTV,2025-10-10T16:50:25Z,YouTube
EA Sports FC 26,Perfect Freekick FC25 ⬇️, FC26Tutorials1,2025-05-28T15:36:43Z,YouTube
EA Sports FC 26,Ronaldo Code 💀 #eafc24 #shorts #eafifa #fifamobile #fifa23 #fcmobile24 #fifa22 #fifa21 #easports,ExAtk,2025-06-11T16:17:42Z,YouTube
EA Sports FC 26,EA SPORTS FC 26 | Official Reveal Trailer,EA SPORTS FC,2025-07-16T15:57:07Z,YouTube
EA Sports FC 26,EA SPORTS FC 24 | Official Gameplay Trailer,EA SPORTS FC,2023-07-13T17:07:10Z,YouTube
EA Sports FC 26,FC 26 Goalkeepers GONE WRONG! #108 #fc26,Ranking King,2026-04-10T12:00:11Z,YouTube
EA Sports FC 26,Ronaldo Prime 💀 #eafc24 #shorts #eafifa #fifamobile #fifa23 #fcmobile24 #fifa22 #fifa21 #easports,ExAtk,2025-06-30T16:15:47Z,YouTube
EA Sports FC 26,How to Cross ⬇️,FC26 Tutorials,2025-03-19T19:22:12Z,YouTube
EA Sports FC 26,FIFA Ball Deformation Evolution: 20 Years of Physics! (FIFA 04 - FC 26),awesomePCgames,2025-08-08T20:39:58Z,YouTube
EA Sports FC 26,FC 26 Noob vs Casual vs Pro Long Shooting,FC26 Tutorials,2026-02-09T19:39:44Z,YouTube
EA Sports FC 26,Quick GOAL TUTORIAL in 15s🤩🔥#youtube #shorts #fifamobile #fifa,Tarko YT,2023-02-18T02:00:07Z,YouTube
EA Sports FC 26,FC 26 + PS5 Pro + OLED 83″ = Pure happiness 🎮✨#fc26 #ps5 #gamingsetup #goodvibes #happiness,Andreas Home,2025-10-22T01:10:29Z,YouTube
EA Sports FC 26,Dribbling Skills FC25 ⬇️,FC26 Tutorials,2025-03-09T17:52:56Z,YouTube
EA Sports FC 26,EA SPORTS FC 26 | Official Gameplay Deep Dive,EA SPORTS FC,2025-07-22T15:57:08Z,YouTube
EA Sports FC 26,NEW Secret Skill Move in FC 26 😱🔥,FC PowerPlay,2025-10-15T18:30:23Z,YouTube
EA Sports FC 26,EA Sports please put Diogo Jota on the FC 26 cover. 🥹🙏,FutVibes,2025-07-06T13:01:36Z,YouTube
EA Sports FC 26,Ea Fc 26 Vs 25 Trailer 🤯,Ronnyfx,2025-07-26T13:54:07Z,YouTube
EA Sports FC 26,Testing EA SPORTS FC 26 First Look Gameplay | PS5 #easportsfc25 #easportfc #efootball #efootball2025,Med-San,2025-02-07T10:31:00Z,YouTube
EA Sports FC 26,3 celebrations we want in FC 26 🙏,Jacko Ginco,2025-08-09T11:27:26Z,YouTube
EA Sports FC 26,stop every goal in H2H (Tutorial) #fifamobile,Rman plays,2023-07-30T10:50:23Z,YouTube
EA Sports FC 26,EA SPORTS FC 26 | Official Career Deep Dive,EA SPORTS FC,2025-08-01T15:57:07Z,YouTube
EA Sports FC 26,WHAT IS THIS TEAM!?! 😨,AuzioMF,2025-09-23T14:30:50Z,YouTube
EA Sports FC 26,Repeat or Redemption? | Obrun v Vejrgang | FC Pro Open Final | Full Match,EA SPORTS FC Pro,2025-02-01T21:54:18Z,YouTube
EA Sports FC 26,🔥 Ballon d’or special best card 😱 #fcmobile #viral #ea #fc26,Mavrixon,2025-10-08T11:33:01Z,YouTube
Call of Duty Warzone,Swagg steals Nadia&#39;s hacks for Warzone 2,Swagg,2022-11-21T03:40:56Z,YouTube
Call of Duty Warzone,Call of Duty: Black Ops 7 | Gameplay Reveal Trailer,Call of Duty,2025-08-19T18:08:38Z,YouTube
Call of Duty Warzone,Bronny steals Swagg&#39;s hacks,Swagg,2023-06-16T02:51:25Z,YouTube
Call of Duty Warzone,I Faced Nadia 1v1 for the Win 😳,TCaptainX,2022-10-17T18:25:49Z,YouTube
Call of Duty Warzone,WHEN YOU PULL OFF THE SELF REVIVE - CALL OF DUTY WARZONE REBIRTH ISLAND,Goal Post68,2024-07-28T16:55:05Z,YouTube
Call of Duty Warzone,Helping out enemies with camo challenges in Call of Duty,Wacke,2021-02-23T19:09:03Z,YouTube
Call of Duty Warzone,Real vs Fake COD *CHALLENGE* 😱,FaZe Blaze,2022-08-30T18:00:03Z,YouTube
Call of Duty Warzone,Warzone Stim Shot in Real Life 😱,Wacke,2022-08-10T01:14:19Z,YouTube
Call of Duty Warzone,New FORTUNES KEEP map IS COMING! When Rebirth Island?,LiterallyRay,2022-08-28T01:00:09Z,YouTube
Call of Duty Warzone,Who Has The Dirtiest Setup in Nuke Squad?,Nuke Squad,2023-05-30T03:26:17Z,YouTube
Call of Duty Warzone,This Player RUINED WARZONE! 😱,FaZe Blaze,2022-08-08T02:40:21Z,YouTube
Call of Duty Warzone,CALL OF DUTY MODERN WARFARE 2 Gameplay Walkthrough Campaign FULL GAME [4K 60FPS PS5],MKIceAndFire,2022-10-21T02:05:40Z,YouTube
Call of Duty Warzone,Squid Game skins in Warzone are so tuff😍 / all skins &amp; bot lobbies in bio⬆ #squidgame  #warzone #cod,Wu77a,2025-01-07T18:58:28Z,YouTube
Call of Duty Warzone,If Our Parents Played Warzone...,Dimucc,2021-10-01T16:00:21Z,YouTube
Call of Duty Warzone,The Controller Made For PC…,YTLukeyy,2024-02-12T11:30:31Z,YouTube
Call of Duty Warzone,1v4 endgame vs *ACTUAL* sweats #warzone #callofduty #rebirthisland #mw3,Galaxywz,2024-09-20T01:09:22Z,YouTube
Call of Duty Warzone,@CallofDuty can you PLEASE EXPLAIN?? 🤔#shorts,RowdyRogan,2022-11-25T19:00:31Z,YouTube
Call of Duty Warzone,WARZONE GODZILLA VS KONG GAMEPLAY! (NO COMMENTARY),NoAnnoyingCommentary,2022-05-23T12:00:30Z,YouTube
Call of Duty Warzone,*RUN* If you See this Skin... (Warzone Nuke) 😱☣️⁉️ #callofduty #cod #mw2 #warzone #warzone2,8eetris,2023-09-24T23:00:14Z,YouTube
Call of Duty Warzone,A GUN mouse?! Is this gonna make me better? 😅 #warzone,DeveloperAdam,2023-08-15T19:10:54Z,YouTube
Call of Duty Warzone,Call of Duty: Warzone Mobile | Launch Trailer,Call of Duty,2024-03-14T15:54:41Z,YouTube
Call of Duty Warzone,Sinful was in FLOW state🤯#warzone #warzonefunnyclips #gaming,ImSinful,2025-07-19T22:44:43Z,YouTube
Call of Duty Warzone,How CASUAL players play WARZONE!,Nadia,2023-04-20T01:00:18Z,YouTube
Call of Duty Warzone,Squalz Vs Toxic Egirl..☕💀 #shorts #cod #warzone #movement #squidgame #sniper #egirl #squalz #viral,Squalz,2025-01-19T05:50:11Z,YouTube
Call of Duty Warzone,These *GLITCHED* akimbo Snipers can ONE SHOT at INFINITE RANGE 😱 Setup at the end,OllMS,2025-05-12T15:27:36Z,YouTube
Apex Legends,When you try to heal in Apex Legends #shorts #gaming #apex #meme,aceof_spadess,2021-12-27T01:37:38Z,YouTube
Apex Legends,Apex Legends Loba in Real Life 😳,diehardGG,2022-06-14T20:37:23Z,YouTube
Apex Legends,Apex Legends Season 3 – Meltdown Launch Trailer,Apex Legends,2019-09-27T17:00:02Z,YouTube
Apex Legends,Apex Legends Season 4 – Assimilation Launch Trailer,Apex Legends,2020-01-30T18:00:10Z,YouTube
Apex Legends,APEX.EXE,PaluluMan,2019-03-10T18:46:54Z,YouTube
Apex Legends,Apex Legends Season 2 – Battle Charge Launch Trailer,Apex Legends,2019-06-27T15:05:11Z,YouTube
Apex Legends,Ballistic gets trapped by Caustic! #apexlegends,ItsWestSider,2023-06-16T05:00:05Z,YouTube
Apex Legends,Zero Recoil Trick in Apex Legends,Esidi,2023-03-01T00:47:45Z,YouTube
Apex Legends,Apex Legends Season 5 – Fortune’s Favor Gameplay Trailer,Apex Legends,2020-05-08T17:00:11Z,YouTube
Apex Legends,Apex Legends Season 3 – Meltdown Gameplay Trailer,Apex Legends,2019-09-28T04:27:01Z,YouTube
Apex Legends,I encounter a movement god... (Apex Legends),Mande,2023-06-14T14:08:45Z,YouTube
Apex Legends,WORST HEIRLOOM in Apex Legends?,Simply Ashton,2023-04-06T19:00:10Z,YouTube
Apex Legends,I&#39;ll never hit this Kraber shot again...,iiTzTimmy,2024-03-15T17:12:37Z,YouTube
Apex Legends,THE BEST PACK LUCK IN APEX LEGENDS EVER?,Ayy_TonyRomero,2023-01-24T21:07:32Z,YouTube
Apex Legends,Imagine Touching Apex For The First Time And He Did This! - Apex Legends,justapexthings,2023-07-19T06:00:05Z,YouTube
Apex Legends,"When a hacker sends you 4,000 Apex Packs",Mande,2024-02-10T19:00:19Z,YouTube
Apex Legends,Why I NEVER Open Apex Packs In Apex Legends,The Gaming Merchant,2022-10-11T07:21:12Z,YouTube
Apex Legends,I Got Banned in Apex Legends... 😭,schrodingerLee,2025-04-17T11:36:19Z,YouTube
Apex Legends,"Apex, but it&#39;s 𝗿𝗲𝗹𝗮𝘅𝗶𝗻𝗴 (4K)",ayex,2023-03-23T16:00:05Z,YouTube
Apex Legends,Crazy 1 v 3 Crypto Clutch + Mobile Respawn | Apex Legends,lburi,2023-05-21T19:00:24Z,YouTube
Apex Legends,Apex legends mobile is finally here!! #sponsoredbyea Link: https://ea.sng.link/Dqnnm/9uir/kiol,Adam W,2022-05-27T19:47:22Z,YouTube
Apex Legends,Unlocking the Level 100 R99 in Apex Legends #shorts,Zerbow,2023-06-07T18:02:00Z,YouTube
Apex Legends,Apex Legends: Ignite Launch Trailer,Apex Legends,2023-10-23T15:00:10Z,YouTube
Apex Legends,Octane’s Origin STORY is an Inside JOKE❗️Titanfall 👉🏻 Apex Legends,gamertingzzz,2023-03-06T16:41:56Z,YouTube
Apex Legends,What If Apex Legends Had 1st Person Finishers?,RossTheeSquirrel,2024-05-21T16:16:32Z,YouTube
Valorant,L’Accord - Chamber Agent Trailer // VALORANT,VALORANT,2021-10-29T15:00:08Z,YouTube
Valorant,tenz showing off the yoru tech,Kyedae,2023-01-12T11:59:13Z,YouTube
Valorant,TenZ tries VALORANT from 50ft away 🤯,Red Bull LFG,2025-07-30T19:00:13Z,YouTube
Valorant,RETAKE  // Episode 2 Cinematic - VALORANT,VALORANT,2021-01-09T12:00:25Z,YouTube
Valorant,Spark - Neon Agent Trailer // VALORANT,VALORANT,2022-01-05T17:34:46Z,YouTube
Valorant,The Best Ace Ever | #ceroqt #valorant #valorantclips,cero,2025-10-15T22:30:37Z,YouTube
Valorant,REVELATION // Episode 6 Cinematic - VALORANT,VALORANT,2023-01-05T16:00:08Z,YouTube
Valorant,Proof I can Hospital Flick in Valorant,UserSeif,2022-05-08T19:00:44Z,YouTube
Valorant,"Valorant, But I&#39;m Unlucky",Ujjwal Shorts,2022-03-22T03:30:09Z,YouTube
Valorant,VALORANTIN EN SİNİRLİ VELEDİ #gaming #valorant,Warlicia,2023-03-29T14:53:11Z,YouTube
Valorant,These Silver VALORANT Lobbies are UNREAL,curry,2023-05-06T16:30:02Z,YouTube
Valorant,Triple Rankup to Radiant 🌟,temet,2024-05-07T13:00:44Z,YouTube
Valorant,Bro Hit Immortal IRL❗️💀,Overtime Gaming,2024-03-17T18:00:11Z,YouTube
Valorant,Inoxtag est vraiment un pigeon… comme nous ! 🤣,SQUEEZIE GAMING,2023-05-18T17:00:08Z,YouTube
Valorant,Which One&#39;s More Expensive? | VALORANT vs CS2,nikimii,2023-11-17T00:00:15Z,YouTube
Valorant,Las 2 últimas kills… 🤯 Top Radiant - valorant live stream gameplay daily highlights clips,Horcus,2024-06-07T16:00:36Z,YouTube
Valorant,Iron to Radiant Speedrun (VALORANT WORLD RECORD),root,2022-11-05T16:44:28Z,YouTube
Valorant,Neon Tech is Insane 🤣,temet,2023-10-22T18:00:10Z,YouTube
Valorant,I GOT SUPER POWERS IN THIS GAME,Techno Gamerz,2023-03-23T03:30:12Z,YouTube
Valorant,The CALMEST calm aim clip in Valorant..,Rawzu,2024-04-18T07:12:20Z,YouTube
Valorant,Reyna can basically dash now...,Kanga,2024-06-11T15:21:59Z,YouTube
Valorant,this valorant knife is insane 💀,ohnepixel raw,2025-10-12T11:37:00Z,YouTube
Valorant,Report killjoy fake info #valorant #animation #gaming #valorantanimation,Keybee Animation,2023-09-08T08:41:58Z,YouTube
Valorant,Nobody Wants To Be Friends With Meeeeeee :(,MORFOSE,2025-08-04T19:33:05Z,YouTube
Valorant,tenz explains how to play better in valorant,Kyedae,2023-03-19T20:48:32Z,YouTube
Overwatch,Overwatch VS Valorant (Voice Actors) 🎤 #shorts,Bundun,2023-04-12T15:00:32Z,YouTube
Overwatch,Overwatch Animated Short | “Honor and Glory”,PlayOverwatch,2017-11-03T18:57:34Z,YouTube
Overwatch,Overwatch Animated Short | “Hero”,PlayOverwatch,2016-05-22T17:01:36Z,YouTube
Overwatch,Doomfist Origin Story | Overwatch,PlayOverwatch,2017-07-06T17:05:04Z,YouTube
Overwatch,Overwatch Animated Short | “Alive”,PlayOverwatch,2016-04-05T16:00:04Z,YouTube
Overwatch,Sigma Origin Story | Overwatch,PlayOverwatch,2019-07-22T18:00:08Z,YouTube
Overwatch,&quot;Junkertown: The Plan&quot; | Overwatch,PlayOverwatch,2017-08-21T16:25:39Z,YouTube
Overwatch,Overwatch Gameplay Trailer,PlayOverwatch,2014-11-07T21:29:18Z,YouTube
Overwatch,DVA has no skill issue,ALLinDRAMA,2023-05-02T17:11:21Z,YouTube
Overwatch,Overwatch 2 Gameplay Trailer,PlayOverwatch,2019-11-01T19:19:18Z,YouTube
Overwatch,Overwatch Theatrical Teaser | &quot;We Are Overwatch&quot;,PlayOverwatch,2015-12-18T16:59:56Z,YouTube
Overwatch,Overwatch Gameplay Trailer #2,PlayOverwatch,2015-11-06T20:43:01Z,YouTube
Overwatch,Overwatch characters ages😀 #overwatch #overwatch2 #overwatchfunny #overwatchleague #overwatchgame,ItsPapiDiego,2022-11-02T17:48:33Z,YouTube
Overwatch,[NEW HERO NOW AVAILABLE] Introducing Moira | Overwatch,PlayOverwatch,2017-11-03T18:53:01Z,YouTube
Overwatch,[NOW PLAYABLE] Introducing Ashe | Overwatch,PlayOverwatch,2018-11-02T19:15:48Z,YouTube
Overwatch,Ramattra | New Hero Gameplay Trailer | Overwatch 2,PlayOverwatch,2022-11-26T17:55:11Z,YouTube
Overwatch,Ramattra Origin Story | Overwatch 2,PlayOverwatch,2022-11-05T01:35:51Z,YouTube
Overwatch,What are you doing step echo Overwatch 2 #shorts,LJCFORD,2022-10-18T08:39:11Z,YouTube
Overwatch,Killing Streamers with Widowmaker in Overwatch 2 w/ reactions,TheRealKenzo,2022-10-12T18:47:09Z,YouTube
Overwatch,[NEW HERO] Introducing Ana | Overwatch,PlayOverwatch,2016-07-12T17:20:24Z,YouTube
Overwatch,New bug lets you infinitely fly as Sigma | Overwatch 2,Flats,2023-05-10T15:02:55Z,YouTube
Overwatch,Lucio World Record Fastest Kill,NoobHunter,2025-04-04T14:00:53Z,YouTube
Overwatch,[NEW HERO – NOW PLAYABLE] Introducing Sombra | Overwatch,PlayOverwatch,2016-11-04T20:35:59Z,YouTube
Overwatch,Overwatch Cinematic Teaser | &quot;Are You With Us?&quot;,PlayOverwatch,2016-05-02T16:00:05Z,YouTube
Overwatch,OVERWATCH 2&#39;s Answer to MARVEL RIVALS #shorts,jacobweeby,2025-02-15T01:29:01Z,YouTube
Counter Strike 2,when you download hacks for counter strike,skibidi,2023-01-31T19:13:12Z,YouTube
Counter Strike 2,counter strike sigma,skibidi,2023-02-19T23:03:46Z,YouTube
Counter Strike 2,Top 5 best funny Moments in CS2 😂 #cs2 #csgo #funnyclips #cs2memes #gaming,Park Dip,2025-07-26T11:16:31Z,YouTube
Counter Strike 2,When The UNEXPECTED Happens..💀,Virre CS2,2024-09-26T16:40:53Z,YouTube
Counter Strike 2,Clicking goes two ways,ESL Counter-Strike,2025-04-07T11:30:08Z,YouTube
Counter Strike 2,200IQ on CS2 VR,SkinsMonkey,2025-01-17T23:09:23Z,YouTube
Counter Strike 2,Playing CS2 during Work,Tradeit,2023-09-16T17:00:16Z,YouTube
Counter Strike 2,CURSED SHOTGUNS,LICHTENSTEIN,2024-04-16T18:19:46Z,YouTube
Counter Strike 2,CS2 VS CSGO PLAYERS,Lobanjica LIVE,2024-05-23T21:59:09Z,YouTube
Counter Strike 2,Amazing C4 bomb details in Counter-Strike,GameLight,2023-03-27T08:00:18Z,YouTube
Counter Strike 2,"POV: Dad, what does this GRAFFITI mean? 👴🏻#cs2 #csgo #cs #counterstrike #coldzera #flying #awp",Much Clutch CS2,2025-09-29T00:37:02Z,YouTube
Counter Strike 2,CS2 Details vs CS:GO,HS Top,2023-11-06T15:19:03Z,YouTube
Counter Strike 2,What new features did CS2 Beta bring to the players?,HS Top,2023-09-16T11:19:27Z,YouTube
Counter Strike 2,CS2 Physics vs CS:GO,HS Top,2023-10-21T13:17:19Z,YouTube
Counter Strike 2,Counter-Strike 2 Looks AMAZING,Greenskull,2023-10-01T23:17:38Z,YouTube
Counter Strike 2,Counter-Strike 2 HACKS IN-GAME?!,theScore esports,2023-03-29T23:00:11Z,YouTube
Counter Strike 2,Counter strike 1.6 Gameplay de dust 2,Dang Anh,2017-01-05T14:12:19Z,YouTube
Counter Strike 2,Neymar perfect clutch in CS2?,SkinsMonkey,2024-09-27T16:13:04Z,YouTube
Counter Strike 2,Counter-Strike: Zombie Escape Mod - ze_Random_Escape_v1 [NEW MAP] [4K],Dark Professional,2020-03-08T11:00:14Z,YouTube
Counter Strike 2,The Art of Locking in,ESL Counter-Strike,2025-10-15T11:30:53Z,YouTube
Counter Strike 2,CS:GO vs CS2,HS Top,2023-04-21T13:52:07Z,YouTube
Counter Strike 2,PLAYING CS:GO THEN vs NOW,matty1337,2022-08-31T21:28:54Z,YouTube
Counter Strike 2,Confusing the other team in CS2,Duality,2024-10-11T16:24:44Z,YouTube
Counter Strike 2,CS2 VS CS Source 👉 Details that are not in CS2,GameLight,2023-04-12T06:54:24Z,YouTube
Counter Strike 2,KSCERATO INSANE ACE vs VITALITY #shanghaimajor2024,qAp | CS2 Highlights,2025-08-01T07:00:16Z,YouTube
Deep Rock Galactic Rogue Core,AAAAAAAAAAAAAAAAAAAAAAAAAAAAAAAAAAAAAAAAAAAAAAAAAAAAAAAAAAAAAAAAAAAAAAAAAAAAAAAAAAAAAAAAAAAAAAAAAAAA,delusional narcissist,2021-09-14T22:34:11Z,YouTube
Deep Rock Galactic Rogue Core,You Shouldn&#39;t Eat Precious Minerals | A Deep Rock Galactic Animation,DrDevvi,2024-08-30T16:30:20Z,YouTube
Deep Rock Galactic Rogue Core,Mission Control Finally Snapped | Deep Rock Galactic,DrDevvi,2023-12-08T16:41:41Z,YouTube
Deep Rock Galactic Rogue Core,Deep Rock Galactic - Ceiling Drop Pod #shorts,SaidAlot,2023-02-26T08:33:15Z,YouTube
Deep Rock Galactic Rogue Core,Le jeu qui a lavé le cerveau de 359 597 personnes,Kombo,2026-01-24T13:00:58Z,YouTube
Deep Rock Galactic Rogue Core,bro folded immediately | Deep Rock Galactic,DrDevvi,2025-02-14T23:36:34Z,YouTube
Deep Rock Galactic Rogue Core,Say it. You know you want to.,Ghost Ship Games,2025-04-09T13:30:02Z,YouTube
Deep Rock Galactic Rogue Core,Deep Rock Galactic: Rogue Core - Closed Alpha Gameplay Trailer,Ghost Ship Games,2025-04-10T16:06:24Z,YouTube
Deep Rock Galactic Rogue Core,Every Driller&#39;s brain:,Ghost Ship Games,2024-10-25T13:00:50Z,YouTube
Deep Rock Galactic Rogue Core,That&#39;s what happens when you trust a Driller - Deep Rock Galactic,241RandyTV Gaming ,2023-05-26T04:08:19Z,YouTube
Deep Rock Galactic Rogue Core,Top 10 NEW Games of May 2026,gameranx,2026-04-27T16:52:15Z,YouTube
Deep Rock Galactic Rogue Core,Deep Rock Galactic: Rogue Core - Pre-Alpha Teaser,Ghost Ship Games,2024-11-25T12:46:03Z,YouTube
Deep Rock Galactic Rogue Core,Deep Rock Galactic: Rogue Core - Release Date Trailer,Ghost Ship Games,2026-03-13T11:00:47Z,YouTube
Deep Rock Galactic Rogue Core,Every Driller NEEDS to do This #shorts #deeprockgalactic,JCozy,2022-06-01T22:27:09Z,YouTube
Deep Rock Galactic Rogue Core,Deep Rock Galactic: Rogue Core - Narrated Trailer,Ghost Ship Games,2026-05-13T13:00:06Z,YouTube
Deep Rock Galactic Rogue Core,CAVANDO FUNDO! - DEEP ROCK GALACTIC: ROGUE CORE COM OS AMIGOS,alanzoka,2026-05-22T15:47:02Z,YouTube
Deep Rock Galactic Rogue Core,The only bad thing about Rogue Core,DrDevvi,2025-05-07T01:42:57Z,YouTube
Deep Rock Galactic Rogue Core,10 Best NEW Games To Play In May 2026,Force Gaming,2026-04-30T14:48:48Z,YouTube
Deep Rock Galactic Rogue Core,One of the five classes in Rogue Core. Coming to Steam Early Access May 20,Ghost Ship Games,2026-04-23T16:59:53Z,YouTube
Deep Rock Galactic Rogue Core,DRG: Rogue Core Closed Alpha - My First Run as Falconer!,sniss,2025-05-06T11:28:13Z,YouTube
Deep Rock Galactic Rogue Core,deep rock galactic meme | which driller are you  #deeprockgalactic,denis,2025-05-31T19:13:02Z,YouTube
Deep Rock Galactic Rogue Core,"The Falconer joins the lineup of reclaimers in Rogue Core - coming to Early Access on Steam, May 20.",Ghost Ship Games,2026-04-29T13:40:18Z,YouTube
Deep Rock Galactic Rogue Core,I&#39;ll C4 1000 Scouts before I let this company die! - Deep Rock Galactic #shorts #gaming,241RandyTV Gaming ,2023-09-27T15:53:08Z,YouTube
Deep Rock Galactic Rogue Core,They call me the ping-uin.,Ghost Ship Games,2025-03-19T19:00:25Z,YouTube
Deep Rock Galactic Rogue Core,Why Deep Rock Galactic Is THE BEST Co-op Shooter Ever Made,CommissarKai,2025-11-29T14:02:00Z,YouTube
League of Legends,Warriors | Season 2020 Cinematic - League of Legends (ft. 2WEI and Edda Hayes),League of Legends,2020-01-09T12:00:16Z,YouTube
League of Legends,Get Jinxed (ft. Djerv) | Official Music Video - League of Legends,League of Legends,2013-10-08T21:03:41Z,YouTube
League of Legends,You Really Got Me | Cinematic Trailer - League of Legends: Wild Rift (ft. 2WEI),League of Legends: Wild Rift,2020-10-28T05:30:00Z,YouTube
League of Legends,A New Dawn | Cinematic - League of Legends,League of Legends,2014-07-22T12:05:02Z,YouTube
League of Legends,Welcome to League of Legends | Official Cinematic,League of Legends,2010-07-12T23:24:56Z,YouTube
League of Legends,Ekko: Seconds | New Champion Teaser - League of Legends,League of Legends,2015-05-10T23:17:43Z,YouTube
League of Legends,Xayah and Rakan: Wild Magic | New Champion Teaser - League of Legends,League of Legends,2017-04-13T17:59:06Z,YouTube
League of Legends,Fiddlesticks: Terror in Demacia | Champion Update Trailer - League of Legends,League of Legends,2020-03-13T17:00:17Z,YouTube
League of Legends,League Of Legends Warriors 🔥💀| #shorts #leagueoflegends #gaming #viralshorts,For Gamerz,2024-11-05T16:09:01Z,YouTube
League of Legends,Warwick: The Wrath of Zaun | Champion Teaser – League of Legends,League of Legends,2017-01-09T18:59:54Z,YouTube
League of Legends,Rocket League Different RANKS Gameplay #shorts #rocketleague #rlfunny,WASDCommunity,2024-06-01T14:00:05Z,YouTube
League of Legends,Nasus.exe,Chilling Smite,2021-01-17T15:51:30Z,YouTube
League of Legends,FIZZ 104 KILLS (WORLD RECORD),Godzu,2020-09-07T20:54:56Z,YouTube
League of Legends,Jinx: Champion Spotlight | Gameplay - League of Legends,League of Legends,2013-10-09T15:00:02Z,YouTube
League of Legends,Hoon&#39;s Smooth Gusion Combo | MLBB,Hoon,2022-08-11T09:31:07Z,YouTube
League of Legends,Official Gameplay Trailer | League of Legends: Wild Rift,League of Legends: Wild Rift,2020-10-28T05:30:02Z,YouTube
League of Legends,La del oso no falla #akali #annie #gamergirl #leagueoflegends,Annie,2023-10-13T18:09:08Z,YouTube
League of Legends,THERE CANT BE MORE?!! #shaco #pinkward #leagueoflegends,Pink Ward Too,2023-05-20T08:59:46Z,YouTube
League of Legends,The 1 LUX MECHANIC that NOBODY KNOWS! - League of Legends #shorts,Skill Capped Challenger LoL Guides,2023-06-18T18:30:37Z,YouTube
League of Legends,INSANE CAITLYN COMBO  #leagueoflegends,EsnoobLoL,2023-10-07T15:00:49Z,YouTube
League of Legends,All That Will Ever Be | Bel&#39;Veth Cinematic - League of Legends,League of Legends,2022-05-20T16:44:11Z,YouTube
League of Legends,Gnar: Champion Spotlight | Gameplay - League of Legends,League of Legends,2014-08-12T18:00:50Z,YouTube
League of Legends,Fiddlesticks Gameplay Preview | League of Legends,League of Legends,2020-03-14T17:00:17Z,YouTube
League of Legends,Best Yone Combo Faker 😲 #shorts #FAKER #T1TV #T1WIN #T1Fighting,T1 TV,2022-12-09T13:30:25Z,YouTube
League of Legends,The play you didn’t see 👀,LoL Esports,2024-10-30T07:25:55Z,YouTube
Subnautica 2,Subnautica Cinematic Trailer,Subnautica,2018-01-24T02:30:01Z,YouTube
Subnautica 2,“The Garg leviathan isnt even that big” ☠️ #subnautica #gaming,racc,2025-02-06T18:44:58Z,YouTube
Subnautica 2,Subnautica 2 - Teaser Trailer,Subnautica,2024-10-17T17:41:44Z,YouTube
Subnautica 2,SUBNAUTICA 2 CONTROVERSY #shorts,jacobweeby,2025-07-12T00:32:42Z,YouTube
Subnautica 2,Subnautica 2 Early Access Cinematic Trailer,Subnautica,2026-04-30T14:58:06Z,YouTube
Subnautica 2,Let&#39;s Rank the Leviathans in Subnautica: Below Zero,Floydson,2024-05-16T13:23:00Z,YouTube
Subnautica 2,Subnautica Baby Gargantuan Leviathan VS Cuddlefish? #shorts  #subnautica  #viralvideo,Nostromo_Gaming,2025-02-04T02:00:07Z,YouTube
Subnautica 2,Subnautica: Below Zero Trailer,Subnautica,2021-04-13T13:55:03Z,YouTube
Subnautica 2,Why Subnautica Removed the Terraformer,KubedLive,2025-10-19T23:00:46Z,YouTube
Subnautica 2,IT&#39;S BEAUTIFUL | Subnautica 2 - Part 1,jacksepticeye,2026-05-14T15:01:09Z,YouTube
Subnautica 2,Top 5 Aura in Subnautica,SteveKong,2024-05-28T18:38:06Z,YouTube
Subnautica 2,The scariest aquarium.. #subnautica #gaming #shorts,racc,2025-03-22T15:43:16Z,YouTube
Subnautica 2,Ranking TOP 5 Subnautica 2 Moments 😂,Top Gaming Plays,2026-05-19T14:13:57Z,YouTube
Subnautica 2,How did MARGUERIT MAIDA SURVIVE THE KHARRA VIRUS In Subnautica?! | Subnautica Content,Dive In Gaming,2024-12-12T11:41:35Z,YouTube
Subnautica 2,those who know ☠️ #subnautica #gaming,Nakvi,2025-10-08T11:59:07Z,YouTube
Subnautica 2,What kind of creature is that?? 😨😭,HecticSherlock Gaming,2025-05-15T20:53:56Z,YouTube
Subnautica 2,Everyone&#39;s First Subnautica Playthrough,KubedLive,2025-03-28T00:00:11Z,YouTube
Subnautica 2,Subnautica&#39;s BEST TOOL Got REMOVED?! | Subnautica Content,Dive In Gaming,2024-11-05T09:44:19Z,YouTube
Subnautica 2,THE BEAUTIFUL TERRIFYING OCEAN | Subnautica 2 - Part 1,Markiplier,2026-05-15T21:33:39Z,YouTube
Subnautica 2,Subnautica 2 Early Access Gameplay Trailer,Subnautica,2026-05-09T15:03:51Z,YouTube
Subnautica 2,It’s literally so adorable 🥹🐉,HecticSherlock Gaming,2025-08-21T02:26:17Z,YouTube
Subnautica 2,Mr. Incredible Becoming Uncanny - Subnautica Mods,The Last Bacon,2025-03-30T14:30:44Z,YouTube
Subnautica 2,That&#39;s why air bladder doesn’t have an animation in Subnautica 2 😅,Game Offline Lore,2026-05-16T15:57:52Z,YouTube
Subnautica 2,You can get PREGNANT From this Organism in Subnautica 2?!,Dive In Gaming,2026-05-20T23:44:22Z,YouTube
Subnautica 2,Subnautica Good Ending,KubedLive,2025-07-22T23:00:32Z,YouTube
Rocket League,The Best Rocket League Game Ever!,MrBeast Gaming,2020-10-02T18:56:05Z,YouTube
Rocket League,Rocket League Sideswipe Gameplay Trailer,Rocket League,2021-11-29T22:34:47Z,YouTube
Rocket League,INVICTOR VS MIKECRACK 😱 DESAFÍO DE COCHES VOLADORES 😂 ROCKET LEAGUE con LOS COMPAS,invictor,2020-12-25T00:08:33Z,YouTube
Rocket League,Teaching this toxic EU player a LESSON...,JamaicanCoconut,2022-11-20T19:01:45Z,YouTube
Rocket League,SUPER FUN IN ROCKET LEAGUE SIDESWIPE,Techno Gamerz,2021-12-18T03:30:16Z,YouTube
Rocket League,Why Rocket League is a BEAUTIFUL Game...,JamaicanCoconut,2023-07-30T13:00:33Z,YouTube
Rocket League,BECOMING PRO IN ROCKET LEAGUE SIDESWIPE,Techno Gamerz,2022-03-02T03:30:02Z,YouTube
Rocket League,this is why i love rocket league 😍,amustycow,2024-05-30T19:42:42Z,YouTube
Rocket League,What Will You Choose? #shorts #rocketleague #rlfunny,WASDCommunity,2024-04-30T11:54:51Z,YouTube
Rocket League,My Rocket League Journey,Fluffymast3r,2022-10-19T04:47:28Z,YouTube
Rocket League,Rocket League Season 5 Cinematic Trailer,Rocket League,2021-11-12T19:30:49Z,YouTube
Rocket League,Family vs the Rocket League WORLD (ONLINE Battle!) K-CITY GAMING,K-City Gaming,2020-12-29T15:30:04Z,YouTube
Rocket League,HOW TO FAST AERIAL,1emil,2022-07-03T17:33:40Z,YouTube
Rocket League,This HAS TO BE the BEST ROCKET LEAGUE EDITOR ON TIKOK!,uuest,2022-04-01T16:18:23Z,YouTube
Rocket League,How to Get CRACKED at ROCKET LEAGUE 101: Controller Settings #shorts,Calvin Is Bad News,2021-04-20T15:19:52Z,YouTube
Rocket League,🚨 I&#39;m Cheating in Rocket League! 🚨Poor Bot...,Devas,2024-08-28T16:00:26Z,YouTube
Rocket League,The first ever 1v1 in Rocket League history,SunlessKhan,2024-08-13T20:30:00Z,YouTube
Rocket League,can grandplat do every mechanic in rocket league?,amustycow,2025-09-05T00:16:35Z,YouTube
Rocket League,Zen&#39;s BEST Shot EVER?,Artima,2024-03-12T17:00:28Z,YouTube
Rocket League,SMOOTHEST Rocket League gameplay you&#39;ll see 👀,Forky Clips,2022-06-15T19:00:01Z,YouTube
Rocket League,When you clip but the defenders are SSL...,JamaicanCoconut,2023-08-31T18:00:08Z,YouTube
Rocket League,THIS IS ROCKET LEAGUE,NRG Rocket League,2023-12-14T22:56:32Z,YouTube
Rocket League,How to Get a Girlfriend When you Play Rocket League...,TenacityTv,2021-08-09T17:09:00Z,YouTube
Rocket League,Rocket League MOST SATISFYING Moments! #103 (TOP 100),PNation,2024-02-21T18:00:07Z,YouTube
Grand Theft Auto V,Grand Theft Auto VI Trailer 1,Rockstar Games,2023-12-04T23:07:10Z,YouTube
Grand Theft Auto V,Grand Theft Auto VI Trailer 2,Rockstar Games,2025-05-06T13:29:04Z,YouTube
Grand Theft Auto V,World’s Largest Ramp!,MrBeast Gaming,2021-06-11T19:27:22Z,YouTube
Grand Theft Auto V,Grand Theft Auto V Trailer,Rockstar Games,2011-11-02T13:37:55Z,YouTube
Grand Theft Auto V,Playing GTA 5 Without Breaking Any Laws!,MrBeast Gaming,2020-07-25T17:08:31Z,YouTube
Grand Theft Auto V,GTA V Did SheHulk crush Spidey or not? #gta,Junvo3D,2024-07-09T09:18:16Z,YouTube
Grand Theft Auto V,BIGGEST GANGSTER ENCOUNTER | GTA V GAMEPLAY #146,Techno Gamerz,2022-06-14T03:30:04Z,YouTube
Grand Theft Auto V,"Escape 50 Cops, Win $100,000",MrBeast Gaming,2025-05-31T16:00:05Z,YouTube
Grand Theft Auto V,BUYING THE MOST EXPENSIVE HOUSE | GTA V GAMEPLAY #142,Techno Gamerz,2021-12-31T04:34:18Z,YouTube
Grand Theft Auto V,Watch my 1st GTA 5 Gameplay on @Gaming_Dushyant 😍  #dushyantkukreja #shorts,Dushyant kukreja,2024-08-15T13:35:00Z,YouTube
Grand Theft Auto V,I STOLE PRIME MINISTER&#39;S CAR | GTA V GAMEPLAY #6,Techno Gamerz,2020-03-07T13:41:16Z,YouTube
Grand Theft Auto V,MY FERRARI RACECAR EXPLODE IN RACE | GTA V GAMEPLAY #144,Techno Gamerz,2022-04-14T03:30:04Z,YouTube
Grand Theft Auto V,STEALING CONCEPT CARS FOR NEW SHOWROOM | GTA 5 GAMEPLAY #149,Techno Gamerz,2022-11-13T03:30:14Z,YouTube
Grand Theft Auto V,WORLD’S BIGGEST CAR SHOW IN DUBAI | GTA V GAMEPLAY #135,Techno Gamerz,2021-08-12T06:00:07Z,YouTube
Grand Theft Auto V,Grand Theft Auto V (GTA 5) Story - All Cutscenes Game Movie HD w/ Gameplay,Gamer's Little Playground,2013-09-17T16:52:22Z,YouTube
Grand Theft Auto V,THE BIGGEST BANK ROBBERY | GTA 5 GAMEPLAY #147,Techno Gamerz,2022-08-09T04:36:03Z,YouTube
Grand Theft Auto V,THE END OF MAFIA BOSS | GTA 5 GAMEPLAY #154,Techno Gamerz,2024-07-14T03:30:18Z,YouTube
Grand Theft Auto V,I DESTROYED JIMMY&#39;S SUPERCAR | GTA V GAMEPLAY #145,Techno Gamerz,2022-05-16T03:30:04Z,YouTube
Grand Theft Auto V,Grand Theft Auto V: Official Gameplay Video,Rockstar Games,2013-07-09T14:00:48Z,YouTube
Grand Theft Auto V,I WON CARS IN A RACE | GTA V GAMEPLAY #122,Techno Gamerz,2021-03-31T03:30:01Z,YouTube
Grand Theft Auto V,SELLING MY SUPERCAR | GTA 5 GAMEPLAY #155,Techno Gamerz,2024-07-27T05:52:21Z,YouTube
Grand Theft Auto V,I STOLE MOST POWERFUL TANK FROM MILITARY BASE  | GTA 5 GAMEPLAY #150,Techno Gamerz,2022-12-30T03:30:03Z,YouTube
Grand Theft Auto V,STEALING MAFIA&#39;S MOST POWERFULL CAR | GTA V GAMEPLAY #132,Techno Gamerz,2021-07-01T03:30:01Z,YouTube
Grand Theft Auto V,THE BIGGEST BANK HEIST EVER | GTA V GAMEPLAY #121,Techno Gamerz,2021-03-18T04:43:34Z,YouTube
Grand Theft Auto V,I found MY HOUSE in GTA 5..,Caylus  ,2024-07-30T00:21:39Z,YouTube
EA FC 25,FC 25 is Too Realistic 🔥,TFVGaming,2022-10-28T07:10:12Z,YouTube
EA FC 25,3rd Man Free Kick Tutorial In FC 25 💪,FC26-Skill,2025-08-03T16:34:39Z,YouTube
EA FC 25,Everyone HATES these Goals in EA FC 25 😱😱,ItsCoryBYT,2024-11-17T11:56:59Z,YouTube
EA FC 25,New EA FC Cover athlete?👀🔥 #eafc24 #gaming #soccer #fifa,LaSteroid Daddy Hack IV,2023-09-22T19:51:24Z,YouTube
EA FC 25,Numbers free kick tutorial 😱🔥 #eafc #fifa #eafc25 #fcmobile #fifamobile,FLASH FC,2025-05-30T15:30:08Z,YouTube
EA FC 25,Mbappé Practicing Acrobatic Shots - EA FC 25,Ryon Mordauk,2025-04-15T11:53:00Z,YouTube
EA FC 25,FC 25 - GRAPHIC DETAILS - #fc25 #graphics #fifa #eafc25,awesomePCgames,2024-10-22T19:00:19Z,YouTube
EA FC 25,Speed Boost Tutorial ⬇️ #fc25,FC26 Tutorials,2025-03-13T21:28:26Z,YouTube
EA FC 25,Vini and Bellingham playing Fc mobile💕💕 25,Soccer Scores,2025-07-22T00:39:18Z,YouTube
EA FC 25,Neymar Jr Skills in New York 🇺🇸 - EA FC 25,Ryon Mordauk,2024-11-30T16:33:00Z,YouTube
EA FC 25,How To Fake Shot Free Kick In FC 25 👇#fc25tutorials #fc25shorts #eafc25‌, FC26Tutorials1,2025-08-05T16:35:52Z,YouTube
EA FC 25,Ronaldo Bicycle Kick - EA FC 24 Skills,Ryon Mordauk,2023-10-25T08:47:56Z,YouTube
EA FC 25,Vinicius jr 🥵 Skill Goal #football #fifa #fc25 #trending #gaming #viralvideo,Gj FunX,2024-11-21T05:41:35Z,YouTube
EA FC 25,Best Penalty on FC25 ⬇️,FC26 Tutorials,2025-04-01T17:23:02Z,YouTube
EA FC 25,Quanto $$ Pro Novo EA FC 25?,Studio CI,2024-09-25T12:51:37Z,YouTube
EA FC 25,FC 25 is crazy!,TFVGaming,2022-11-12T14:57:55Z,YouTube
EA FC 25,Learning 21 Impossible Skills in 24 Hours in FC 26,TFVGaming,2023-12-09T14:21:19Z,YouTube
EA FC 25,Tekrar karşıma geldi! Hayatım boyunca karşılaştığım en psikopat oyuncu! #eafc25 #zgocbrayt,zgocbrayt,2025-06-28T03:00:23Z,YouTube
Minecraft,Minecraft RTX: What if ~44 SURPRISE #Shorts,Teddy P,2023-07-26T19:07:49Z,YouTube
Minecraft,Official Minecraft Trailer,Minecraft,2011-12-06T09:51:14Z,YouTube
Minecraft,I Survived 100 Days Of Hardcore Minecraft!,MrBeast Gaming,2021-07-22T19:46:51Z,YouTube
Minecraft,Minecraft RTX 185% REVERSE #Shorts,Jake Fellman,2023-02-03T21:02:55Z,YouTube
Minecraft,@RachelMaeyley Minecraft egirl,Daquavis,2024-06-26T23:17:14Z,YouTube
Minecraft,Minecraft RTX: What if ~85 NOPE NOPE NOPE #Shorts,Teddy P,2024-08-24T12:01:09Z,YouTube
Minecraft,Minecraft: Better Together Update is now live! Togetherness ACTIVATED!,Minecraft,2017-09-20T14:56:08Z,YouTube
Minecraft,"$2 VS $16,000 Minecraft House!",MrBeast Gaming,2021-08-25T18:10:20Z,YouTube
Minecraft,Inventory Parkour 3,GarrettTheCarrot,2024-12-21T15:00:23Z,YouTube
Minecraft,"IF YOU CHOOSE THE WRONG STAIR, YOU DIE! - Minecraft",Maizen,2022-10-03T18:00:20Z,YouTube
Minecraft,@RachelMaeyley Minecraft egirl trickshot,Daquavis,2024-07-12T00:06:05Z,YouTube
Minecraft,Minecraft: Pocket Edition Trailer 2015,Minecraft,2015-12-09T17:28:04Z,YouTube
Minecraft,Minecraft with Ultra Realistic Graphics!,MrBeast Gaming,2022-09-16T19:00:37Z,YouTube
Minecraft,Minecraft Movie: Studio vs Game vs Movie,Film Shots,2024-11-29T18:00:43Z,YouTube
Minecraft,Minecraft Ultra RTX Cave Loop #Shorts #Minecraft,Mr Acid,2023-03-23T19:00:13Z,YouTube
Minecraft,Minecraft RTX 51% DRAG CLICK LOOP #Shorts,Jake Fellman,2021-06-16T20:36:58Z,YouTube
Minecraft,Minecraft NORMAL vs REALISTIC 🤯,GEVids,2022-07-22T19:31:33Z,YouTube
Minecraft,Zombies vs The Most Secure House - Minecraft,Maizen,2022-01-11T23:00:23Z,YouTube
Minecraft,Minecraft : LUDO Mini Game | #shorts,Clomo Shorts,2022-06-18T14:03:42Z,YouTube
Minecraft,I Survived 100 Days in Skyblock,MrBeast Gaming,2026-04-11T16:00:01Z,YouTube
Minecraft,Minecraft - Pocket Edition Trailer,Minecraft,2011-10-07T20:10:16Z,YouTube
Minecraft,Minecraft,Power Studios,2024-09-04T12:30:41Z,YouTube
Minecraft,Will It Fit Through Squid Game Challenge? #minecraft #shorts,Hero Steve,2025-05-13T12:00:32Z,YouTube
Minecraft,Minecraft Ultra RTX The Reducing Potion Loop #Shorts #Minecraft #Loop,Mr Acid,2023-04-07T12:33:50Z,YouTube
Minecraft,Minecraft Squid Games 7 💀,HamoodeG,2025-07-02T01:40:16Z,YouTube
Fortnite,Fortnite makes no sense...,Dagwummy,2021-08-31T18:57:48Z,YouTube
Fortnite,Fortnite Vs Roblox,Vindooly,2023-11-07T16:07:00Z,YouTube
Fortnite,32 Kill Solo Squads!! Fortnite Battle Royale Gameplay - Ninja,Ninja,2018-01-31T04:17:23Z,YouTube
Fortnite,I Met the Worlds SMARTEST Fortnite Player!,SypherPK,2023-06-07T22:30:02Z,YouTube
Fortnite,MAX Kills In Fortnite,LazarBeam,2024-03-27T00:05:40Z,YouTube
Fortnite,Fortnite Prodigy part 2 #fortnite #family #gaming #fortniteclips #fortniteshorts #gamingvideos,ThePerkyBee,2023-05-26T21:26:09Z,YouTube
Fortnite,This AI Just Won a $2 MILLION Fortnite Tournament,Reisshub,2023-07-11T19:45:20Z,YouTube
Fortnite,This Fortnite Pro SKYBASED in a Cash Cup!,SypherPK,2024-02-24T17:00:45Z,YouTube
Fortnite,A Hacker Added This to Fortnite 🤔,Syinite,2022-09-23T19:03:00Z,YouTube
Fortnite,Fortnite Zero Build Gameplay Trailer - No Build Battle Royale,Fortnite,2022-03-29T12:57:50Z,YouTube
Fortnite,Fortnite Chapter 6 x Squid Games Collab Trailer 😳 #fortnite #fortniteclips,Kes,2025-06-24T16:15:01Z,YouTube
Fortnite,Minha Namorada Fez o Som das Armas no Fortnite,Flakes Power,2022-08-29T18:02:20Z,YouTube
Fortnite,Who Is The Best Hacker In Fortnite?,Stay,2025-08-12T16:00:08Z,YouTube
Fortnite,"Last Team Standing Wins $250,000",MrBeast Gaming,2025-06-28T16:00:31Z,YouTube
Fortnite,my Little Sister CONTROLS my Fortnite Game,Royalty Gaming,2024-07-20T16:06:24Z,YouTube
Fortnite,Why Fortnite Pro&#39;s only carry a Shotgun,Reisshub,2023-11-23T21:49:31Z,YouTube
Fortnite,Lowest Rank In Fortnite,LazarBeam,2024-11-18T04:41:03Z,YouTube
Fortnite,Fortnite Chapter 4: Season OG Gameplay Trailer,Fortnite,2023-11-02T18:39:41Z,YouTube
Fortnite,They Were TRAPPED... But Then!! 😳🤯 #shorts,Sn1p3rrr,2023-01-03T21:55:08Z,YouTube
Fortnite,Fortnite Chapter 4 Season 1 Launch Trailer,Fortnite,2022-12-04T08:00:11Z,YouTube
Fortnite,Fortnite Battle Royale Chapter 6 Season 2 - LAWLESS | Cinematic Gameplay Trailer,Fortnite,2025-02-18T15:00:08Z,YouTube
Fortnite,#fortnite Fortnite 1vs1 Real Life Fun Gameplay #irl,Fortnite Real Life,2026-05-06T15:49:19Z,YouTube
Fortnite,Fortnite Chapter 2 - Season 2 | Battle Pass Gameplay Trailer,Fortnite,2020-02-20T09:09:37Z,YouTube
Fortnite,My 5 Year Fortnite Journey 🥺,HaloBT,2023-02-28T15:00:20Z,YouTube
Fortnite,HIGHEST Fortnite Trickshot EVER! 🤯,EvanFinity,2025-10-04T22:54:54Z,YouTube
Dota 2,True Sight : The International 2018 Finals,dota2,2019-01-15T20:46:26Z,YouTube
Dota 2,Dota 2 Gamescom Trailer,dota2,2011-08-15T21:27:17Z,YouTube
Dota 2,Dendi reacts to his GF crazy midlaner pick!,Dendi,2022-06-07T11:36:37Z,YouTube
Dota 2,ATF taught VIRTUS PRO this trick 🤯 - ESL Dota,ESL Dota 2,2024-02-26T09:45:03Z,YouTube
Dota 2,"КАК НАЧАТЬ ИГРАТЬ В ДОТУ С НУЛЯ: ТЕОРИЯ, ПРАКТИКА и СЛОВАРЬ ДОТЕРА",sereGGa,2022-11-18T10:00:01Z,YouTube
Dota 2,Miracle Techies 45 Frags | EPIC 2 Hours Game | Dota 2 Pro Gameplay [Watch &amp; Learn],Dota 2 Pro Gameplay [Watch & Learn],2018-07-24T14:28:45Z,YouTube
Dota 2,EASY FOR DENDI PUDGE,Dendi,2024-08-11T13:32:06Z,YouTube
Dota 2,IMAGINE USING A SUPPORT TO CARRY AT A $34M EVENT,theScore esports,2024-03-25T14:00:13Z,YouTube
Dota 2,COMEBACK DOTA STELAH 7 TAUN GAMAEN!!,Rieru Shindou Ch.〖 Davidbeatt 】,2024-05-03T09:20:00Z,YouTube
Dota 2,CADERA NGULIK JEJAK DIGITAL YUKA!? 😳 Ketahuan Pernah Main Dota! #cadera #yukha #baloyskie #r7 #mlbb,RENDIMANA,2025-11-14T03:27:28Z,YouTube
Dota 2,Ceb made Skiter REALLY mad - ESL Dota 2,ESL Dota 2,2024-05-10T13:17:46Z,YouTube
Dota 2,proplayer dota paling serem #shorts #lyuka #elyuka,youKtheo,2025-06-20T11:00:11Z,YouTube
Dota 2,HOW Malr1ne outplays Huskar as Earthshaker 🤯  - ESL Dota,ESL Dota 2,2024-04-06T13:00:01Z,YouTube
Dota 2,This is Crazy 🔥 Impossible 1vs5 Bristleback Rampage #dota2,Cyborg M - Dota 2,2023-05-09T04:00:19Z,YouTube
Dota 2,33 - гений или безумец? TI 2025 #dota2 #дота2,Врумыч Dota 2,2025-09-07T17:30:01Z,YouTube
Dota 2,"10,000 iQ Lion play #dota2",DotaCinema,2026-01-23T13:28:33Z,YouTube
Dota 2,ATF 500 IQ MARS PLAY 🤯🤩 - ESL Dota,ESL Dota 2,2023-12-11T14:30:14Z,YouTube
Dota 2,Herald discovers INSANE bug #dota2 #dota2shorts #dota2highlights #dota2memes #dotawtf,Jenkins Clips,2026-04-25T16:03:08Z,YouTube
Dota 2,Seberapa Hebat Yuka? Member AAA Clan Ex Pro Player Dota 2,GameJeruk,2025-10-06T14:23:48Z,YouTube
Dota 2,Collapse with deadly arena combo #dota2 #shorts #mars #collapse #teamspirit,JimJim Dota,2022-10-17T05:55:56Z,YouTube
Dota 2,"League of Legends vs Dota 2, which game is more difficult to play?",Esports World Cup,2024-07-10T16:11:53Z,YouTube
Dota 2,Watson Outsmarted his Outsmarting - ESL Dota 2,ESL Dota 2,2025-05-23T09:30:42Z,YouTube
Dota 2,Seberapa Hebat Ibot13? Veteran Dota 2 Indonesia,GameJeruk,2025-08-19T06:43:02Z,YouTube
Dota 2,Shadow Fiend vs Wraith King #dota2,Dota2 Galaxy,2024-06-19T05:28:27Z,YouTube
Dota 2,Next Level Nyx Play! 🤯#dota2,Holy E,2025-08-04T12:30:40Z,YouTube
Forza Horizon 6,If Paul Walker plays Forza - Toyota Supra MK4 🔥 - Forza Horizon 5 #shorts,Xtreme Drive,2025-09-11T10:00:59Z,YouTube
Forza Horizon 6,Forza Horizon 6 Gameplay Overview | Xbox Developer Direct 2026,IGN,2026-01-22T18:44:20Z,YouTube
Forza Horizon 6,Forza Horizon 6 - Official Initial Drive Gameplay,Forza,2026-04-08T12:00:17Z,YouTube
Forza Horizon 6,JOGADORES BANIDOS POR 8MIL ANOS AO JOGAR FORZA HORIZON 6 VAZADO! #forza #forzahorizon5 #playstation,Gameplayrj,2026-05-11T22:10:07Z,YouTube
Forza Horizon 6,Forza Horizon 6 - Official Gameplay Teaser Trailer,Forza,2026-01-22T18:15:12Z,YouTube
Forza Horizon 6,Forza Horizon 6 - Official Teaser Trailer | Tokyo Game Show 2025,Forza,2025-09-25T10:48:53Z,YouTube
Forza Horizon 6,Rating Top Forza Horizon Games 2023,EFI_GAMES,2023-08-07T14:01:42Z,YouTube
Forza Horizon 6,Forza Horizon 6 – Official Launch Trailer,Forza,2026-05-08T15:00:16Z,YouTube
Forza Horizon 6,Forza Horizon 6 Honda S2000 SOUND COMPARSON Between FH5 vs FH4 vs FH3 vs FH1,Car Clash Racing ,2026-03-23T15:27:21Z,YouTube
Forza Horizon 6,Lo de Forza Horizon 6 es SALVAJE,Rubius Z,2026-05-20T16:08:16Z,YouTube
Forza Horizon 6,FINALLY BOUGHT LAMBORGHINI IN FORZA HORIZON 6 🤑| Expensive,NotGamerFleet,2026-05-15T09:55:35Z,YouTube
Forza Horizon 6,Forza Horizon 6 Player gets the LONGEST BAN..,Games Media,2026-05-14T03:05:35Z,YouTube
Forza Horizon 6,Forza Horizon 6 - Before You Buy,gameranx,2026-05-14T22:28:01Z,YouTube
Forza Horizon 6,FORZA HORIZON 6 ВЫШЛА! ПЕРВЫЙ ЗАПУСК! ЭТО ШЕДЕВР! ДОБРО ПОЖАЛОВАТЬ В ЯПОНИЮ!,Bulkin,2026-05-15T18:59:11Z,YouTube
Forza Horizon 6,KOENIGSEGG JESKO RUN -FORZA HORIZON 5 GAMEPLAY,MHEELEN 7 ,2023-06-20T15:13:26Z,YouTube
Forza Horizon 6,Is the Supra BETTER in Forza Horizon 6?,Dec Games,2026-04-11T14:01:03Z,YouTube
Forza Horizon 6,Forza Horizon 6&#39;s Tire Physics Make Gran Turismo Look Broken #forzahorizon6 #forzahorizon5 #gaming,Outscal,2026-02-17T06:30:32Z,YouTube
Forza Horizon 6,I BOUGHT NISSAN GTR IN FORZA HORIZON 6 🤑| Expensive,NotGamerFleet,2026-05-16T08:33:24Z,YouTube
Forza Horizon 6,Forza Horizon 6 : First Hour of Gameplay!!,AR12Gaming,2026-04-08T13:00:10Z,YouTube
Forza Horizon 6,Forza Horizon 6 - All Official Insane Gameplay [4K],Forza Clips,2026-01-23T14:30:04Z,YouTube
Forza Horizon 6,Forza Horizon 6 - Cover Car Reveal | 2025 GR GT,Forza,2026-01-22T20:15:00Z,YouTube
Forza Horizon 6,Now Players can race against a Gundam in Forza Horizon 6 💀😭,Nykko Nimye,2026-05-16T20:27:44Z,YouTube
Forza Horizon 6,How was this little car SO FAST?? 😯,Greenskull,2026-05-14T23:54:53Z,YouTube
Forza Horizon 6,How Fast is The Bullet Train in Forza Horizon 6?!?,AR12Gaming,2026-04-09T14:37:59Z,YouTube
Forza Horizon 6,Xbox Consoles CAN&#39;T run Forza Horizon 6!,Tred Racing,2026-04-27T10:00:48Z,YouTube
League of Legends,,,,Twitch
Grand Theft Auto V,,,,Twitch
Dota 2,,,,Twitch
Counter-Strike,,,,Twitch
Rocket League,,,,Twitch
World of Warcraft,,,,Twitch
Minecraft,,,,Twitch
Forza Horizon 6,,,,Twitch
VALORANT,,,,Twitch
Subnautica 2,,,,Twitch
Fortnite,,,,Twitch
QSMP,,,,Twitch
Slots,,,,Twitch
Apex Legends,,,,Twitch
Deep Rock Galactic: Rogue Core,,,,Twitch
EA Sports FC 26,,,,Twitch
Dead by Daylight,,,,Twitch
Overwatch,,,,Twitch
